firstName,lastName,email,password,gender,dateOfBirth,thumbnailUrl
Melissa,Hernandez,mhernandez0@cyberchimps.com,k2Quxbc,Female,1989-09-02,https://robohash.org/quaeratquieum.jpg?size=50x50&set=set1
Christopher,Howard,choward1@i2i.jp,RrdAQwpJ,Male,1994-02-16,https://robohash.org/consequatursedveritatis.bmp?size=50x50&set=set1
Joyce,Lane,jlane2@bloglines.com,V77KYCDpJUWy,Female,1987-06-12,https://robohash.org/nonsitomnis.png?size=50x50&set=set1
Kimberly,Stewart,kstewart3@yandex.ru,tAih4pQTsldw,Female,1998-01-29,https://robohash.org/cupiditaterepellatnostrum.png?size=50x50&set=set1
Jason,Bradley,jbradley4@spotify.com,NtLE9fa273,Male,1990-02-24,https://robohash.org/faciliseosvero.jpg?size=50x50&set=set1
Melissa,Fields,mfields5@jimdo.com,AebNavRuiTko,Female,1995-03-13,https://robohash.org/solutaquodillo.bmp?size=50x50&set=set1
Virginia,Perez,vperez6@51.la,5r0PzuH,Female,2002-11-22,https://robohash.org/eosetanimi.png?size=50x50&set=set1
Mark,Hanson,mhanson7@gravatar.com,Y49GGK5,Male,2007-07-11,https://robohash.org/oditiureaspernatur.jpg?size=50x50&set=set1
Marie,Dunn,mdunn8@ca.gov,0OPtCQ9tIed,Female,2007-08-28,https://robohash.org/modisedrecusandae.bmp?size=50x50&set=set1
Steve,Miller,smiller9@tamu.edu,MShxhYHbuT,Male,1988-11-03,https://robohash.org/quiquosaut.bmp?size=50x50&set=set1
